{"kick-the-tires": 79.84586954116821, "fig2": 3792.160847425461}