{"kick-the-tires": 81.5277624130249, "fig2": 3825.000510931015, "fig25": 4659.807160377502}