{"kick-the-tires": 83.03798651695251, "fig2": 3825.000510931015}